{
  "name": "Image Heading",
  "description": "This is a component combined image with text",
  "group": "commerce_assets",
  "attribute_definition_groups": [
      {
          "id": "ITCImage",
          "attribute_definitions": [
              {
                  "id": "image",
                  "name": "Image",
                  "type": "image",
                  "required": true
              },
              {
                  "id": "heading",
                  "name": "Heading",
                  "type": "string",
                  "required": true
              }
          ]
      }
  ],
  "region_definitions": []
}